{"cameraMode":{"drawMode":0,"name":"Shaded","section":"Shading Mode"},"sceneLighting":true,"audioPlay":false,"sceneViewState":{"m_AlwaysRefresh":false,"showFog":true,"showSkybox":true,"showFlares":true,"showImageEffects":true,"showParticleSystems":true,"showVisualEffectGraphs":true,"m_FxEnabled":true},"in2DMode":false,"pivot":{"x":0.5855563879013062,"y":-0.2014971375465393,"z":-1.6244821548461915},"rotation":{"x":-0.14109013974666596,"y":-0.8129603862762451,"z":0.21991318464279176,"w":-0.5206878185272217},"size":0.8660253882408142,"orthographic":false}